,num_frames,idf1,idp,idr,precision,recall,mota,motp,num_switches,num_false_positives,num_misses,mostly_tracked,mostly_lost
sequence,361,0.009162303664921465,0.028225806451612902,0.005447470817120622,0.00823045267489712,0.0015564202334630351,-0.1859922178988327,0.45941328538844445,0,241,1283,0,4
