,num_frames,idf1,idp,idr,precision,recall,mota,motp,num_switches,num_false_positives,num_misses,mostly_tracked,mostly_lost
sequence,429,0.3373696199496463,0.8191344847661557,0.2124308002013085,0.87172520861634,0.2260694514343231,0.19169602415702058,0.06125758754236883,22,661,15378,5,46
