{"coco/person_precision": 0.754, "coco/bbox_mAP": 0.754, "coco/bbox_mAP_50": 0.973, "coco/bbox_mAP_75": 0.87, "coco/bbox_mAP_s": 0.429, "coco/bbox_mAP_m": 0.722, "coco/bbox_mAP_l": 0.881, "data_time": 0.00132016486107709, "time": 0.03931484045512389}