,num_frames,idf1,idp,idr,precision,recall,mota,motp,num_switches,num_false_positives,num_misses,mostly_tracked,mostly_lost
sequence,765,0.4280630401626843,0.42944576674600476,0.4266891891891892,0.9959197551853112,0.989527027027027,0.9804054054054054,0.08534170170096075,15,12,31,4,0
