{"lr": 0.0019819639278557113, "data_time": 0.004853873252868652, "loss": 0.6931582655012608, "loss_rpn_cls": 0.48417811676859857, "loss_rpn_bbox": 0.02010486414190382, "loss_cls": 0.17565894497558474, "acc": 99.4140625, "loss_bbox": 0.013216338268684923, "time": 0.15771408081054689, "epoch": 1, "iter": 50, "memory": 3272, "step": 50}
{"lr": 0.0039839679358717435, "data_time": 0.002790355682373047, "loss": 0.23880922496318818, "loss_rpn_cls": 0.06731791293248535, "loss_rpn_bbox": 0.0203065394051373, "loss_cls": 0.08615262858569622, "acc": 97.75390625, "loss_bbox": 0.06503214171534637, "time": 0.14756131172180176, "epoch": 1, "iter": 100, "memory": 3272, "step": 100}
{"lr": 0.005985971943887774, "data_time": 0.002884387969970703, "loss": 0.20174180284142496, "loss_rpn_cls": 0.0364566065557301, "loss_rpn_bbox": 0.017908370150253178, "loss_cls": 0.07665154688060284, "acc": 98.2421875, "loss_bbox": 0.07072528009128291, "time": 0.14547556400299072, "epoch": 1, "iter": 150, "memory": 3272, "step": 150}
{"lr": 0.007987975951903804, "data_time": 0.0029275989532470703, "loss": 0.21941420033574105, "loss_rpn_cls": 0.04272816186770797, "loss_rpn_bbox": 0.025324503676965832, "loss_cls": 0.0802300138771534, "acc": 97.55859375, "loss_bbox": 0.07113151956349612, "time": 0.14720799446105956, "epoch": 1, "iter": 200, "memory": 3272, "step": 200}
{"lr": 0.009989979959919832, "data_time": 0.002908921241760254, "loss": 0.1913255673646927, "loss_rpn_cls": 0.021670240531675516, "loss_rpn_bbox": 0.01772108282893896, "loss_cls": 0.0717457101494074, "acc": 98.14453125, "loss_bbox": 0.08018853336572647, "time": 0.14657930374145509, "epoch": 1, "iter": 250, "memory": 3272, "step": 250}
{"lr": 0.011991983967935849, "data_time": 0.002950568199157715, "loss": 0.1794952218234539, "loss_rpn_cls": 0.012341499992180616, "loss_rpn_bbox": 0.018070967965759337, "loss_cls": 0.06861015819013119, "acc": 98.14453125, "loss_bbox": 0.08047259695827962, "time": 0.14585291385650634, "epoch": 1, "iter": 300, "memory": 3272, "step": 300}
{"lr": 0.01399398797595188, "data_time": 0.002825145721435547, "loss": 0.1763522693514824, "loss_rpn_cls": 0.014929965902119875, "loss_rpn_bbox": 0.019046640512533485, "loss_cls": 0.06362901713699103, "acc": 97.94921875, "loss_bbox": 0.07874664593487977, "time": 0.1443544626235962, "epoch": 1, "iter": 350, "memory": 3272, "step": 350}
{"lr": 0.015995991983967908, "data_time": 0.0028886842727661134, "loss": 0.18153513014316558, "loss_rpn_cls": 0.023523708963766696, "loss_rpn_bbox": 0.02289173858240247, "loss_cls": 0.06110758639872074, "acc": 98.2421875, "loss_bbox": 0.07401209462434054, "time": 0.1445995807647705, "epoch": 1, "iter": 400, "memory": 3272, "step": 400}
{"lr": 0.01799799599198394, "data_time": 0.002906656265258789, "loss": 0.18824155688285826, "loss_rpn_cls": 0.014805025411769748, "loss_rpn_bbox": 0.018248584563843907, "loss_cls": 0.06706331431865692, "acc": 97.65625, "loss_bbox": 0.0881246318668127, "time": 0.14480117321014405, "epoch": 1, "iter": 450, "memory": 3272, "step": 450}
{"lr": 0.019999999999999952, "data_time": 0.0029420852661132812, "loss": 0.18637563407421112, "loss_rpn_cls": 0.015786001265514642, "loss_rpn_bbox": 0.02192193367984146, "loss_cls": 0.06618592545390128, "acc": 97.94921875, "loss_bbox": 0.0824817731976509, "time": 0.14617743968963623, "epoch": 1, "iter": 500, "memory": 3272, "step": 500}
{"lr": 0.019999999999999952, "data_time": 0.002918667793273926, "loss": 0.20219360798597336, "loss_rpn_cls": 0.025070683122612535, "loss_rpn_bbox": 0.02230305312201381, "loss_cls": 0.06930869158357382, "acc": 98.33984375, "loss_bbox": 0.08551118060946465, "time": 0.14489813804626464, "epoch": 1, "iter": 550, "memory": 3272, "step": 550}
{"lr": 0.019999999999999952, "data_time": 0.0029218244552612306, "loss": 0.1727539524435997, "loss_rpn_cls": 0.012507633548229933, "loss_rpn_bbox": 0.018535608954261987, "loss_cls": 0.06663675330579281, "acc": 98.6328125, "loss_bbox": 0.07507395766675472, "time": 0.14499131202697754, "epoch": 1, "iter": 600, "memory": 3272, "step": 600}
{"lr": 0.019999999999999952, "data_time": 0.0029440069198608397, "loss": 0.19433540791273118, "loss_rpn_cls": 0.015430035213939845, "loss_rpn_bbox": 0.01865743812173605, "loss_cls": 0.06734059814363719, "acc": 97.4609375, "loss_bbox": 0.09290733620524406, "time": 0.14425926208496093, "epoch": 1, "iter": 650, "memory": 3272, "step": 650}
{"lr": 0.019999999999999952, "data_time": 0.00293004035949707, "loss": 0.17781251080334187, "loss_rpn_cls": 0.013137313406914472, "loss_rpn_bbox": 0.021206287168897688, "loss_cls": 0.06404711455106735, "acc": 96.2890625, "loss_bbox": 0.07942179501056672, "time": 0.14414700984954834, "epoch": 1, "iter": 700, "memory": 3272, "step": 700}
{"lr": 0.019999999999999952, "data_time": 0.0029687976837158205, "loss": 0.17765303581953049, "loss_rpn_cls": 0.007914835232077167, "loss_rpn_bbox": 0.01929098369553685, "loss_cls": 0.061162828132510186, "acc": 97.4609375, "loss_bbox": 0.08928438819944859, "time": 0.142463116645813, "epoch": 1, "iter": 750, "memory": 3272, "step": 750}
{"lr": 0.019999999999999952, "data_time": 0.0029199886322021484, "loss": 0.15206462979316712, "loss_rpn_cls": 0.011206191626843064, "loss_rpn_bbox": 0.016941412789747118, "loss_cls": 0.05163756657391787, "acc": 98.14453125, "loss_bbox": 0.07227945938706398, "time": 0.1435916566848755, "epoch": 1, "iter": 800, "memory": 3272, "step": 800}
{"lr": 0.019999999999999952, "data_time": 0.002919321060180664, "loss": 0.17329553306102752, "loss_rpn_cls": 0.011319701145403087, "loss_rpn_bbox": 0.017760084462352096, "loss_cls": 0.06019183449447155, "acc": 99.31640625, "loss_bbox": 0.08402391280978919, "time": 0.14383751392364502, "epoch": 1, "iter": 850, "memory": 3272, "step": 850}
{"lr": 0.019999999999999952, "data_time": 0.0028737354278564452, "loss": 0.1475997020304203, "loss_rpn_cls": 0.00871319973259233, "loss_rpn_bbox": 0.012651861011981964, "loss_cls": 0.05279930230230093, "acc": 98.828125, "loss_bbox": 0.07343533772975207, "time": 0.14452120304107666, "epoch": 1, "iter": 900, "memory": 3272, "step": 900}
{"lr": 0.019999999999999952, "data_time": 0.002920093536376953, "loss": 0.15064411908388137, "loss_rpn_cls": 0.010462852139025926, "loss_rpn_bbox": 0.016569029144011437, "loss_cls": 0.05074483186006546, "acc": 96.97265625, "loss_bbox": 0.07286740500479937, "time": 0.14390983581542968, "epoch": 1, "iter": 950, "memory": 3272, "step": 950}
{"lr": 0.019999999999999952, "data_time": 0.0029143428802490233, "loss": 0.15497728034853936, "loss_rpn_cls": 0.013537043670658023, "loss_rpn_bbox": 0.014714668383821844, "loss_cls": 0.05395043704658747, "acc": 99.12109375, "loss_bbox": 0.07277513213455677, "time": 0.1447988748550415, "epoch": 1, "iter": 1000, "memory": 3272, "step": 1000}
{"lr": 0.019999999999999952, "data_time": 0.002931528091430664, "loss": 0.1553250813484192, "loss_rpn_cls": 0.008618695859913714, "loss_rpn_bbox": 0.01536722290329635, "loss_cls": 0.054886977337300774, "acc": 98.046875, "loss_bbox": 0.07645218513906002, "time": 0.1445534658432007, "epoch": 1, "iter": 1050, "memory": 3272, "step": 1050}
{"lr": 0.019999999999999952, "data_time": 0.0029416894912719727, "loss": 0.13807607650756837, "loss_rpn_cls": 0.010246471938444301, "loss_rpn_bbox": 0.012223894752096384, "loss_cls": 0.048841821122914554, "acc": 98.92578125, "loss_bbox": 0.06676389042288065, "time": 0.1435057544708252, "epoch": 1, "iter": 1100, "memory": 3272, "step": 1100}
{"lr": 0.019999999999999952, "data_time": 0.0029123115539550783, "loss": 0.1351691198348999, "loss_rpn_cls": 0.009816331606707536, "loss_rpn_bbox": 0.013096365411765874, "loss_cls": 0.04453349515795708, "acc": 98.73046875, "loss_bbox": 0.06772292733192443, "time": 0.14332417488098145, "epoch": 1, "iter": 1150, "memory": 3272, "step": 1150}
{"lr": 0.019999999999999952, "data_time": 0.002896833419799805, "loss": 0.17588851138949393, "loss_rpn_cls": 0.017685845945961773, "loss_rpn_bbox": 0.019558675698935987, "loss_cls": 0.059932592026889324,