,num_frames,idf1,idp,idr,precision,recall,mota,motp,num_switches,num_false_positives,num_misses,mostly_tracked,mostly_lost
sequence,361,0.3889097040089921,0.37365010799136067,0.4038910505836576,0.8222543352601156,0.8856031128404669,0.6817120622568094,0.14429100123175703,16,246,147,4,0
