{"lr": 0.0019819639278557113, "data_time": 0.005307960510253906, "loss": 0.6940205430984497, "loss_rpn_cls": 0.4852067643404007, "loss_rpn_bbox": 0.020125081771984698, "loss_cls": 0.1754501354508102, "acc": 99.4140625, "loss_bbox": 0.013238560964964563, "time": 0.15511523723602294, "epoch": 1, "iter": 50, "memory": 3272, "step": 50}
{"lr": 0.0039839679358717435, "data_time": 0.0028589248657226564, "loss": 0.23230866611003875, "loss_rpn_cls": 0.06810432109981775, "loss_rpn_bbox": 0.020028032669797538, "loss_cls": 0.08224440556019545, "acc": 97.265625, "loss_bbox": 0.061931906967656686, "time": 0.14595391750335693, "epoch": 1, "iter": 100, "memory": 3272, "step": 100}
{"lr": 0.005985971943887774, "data_time": 0.0029733467102050783, "loss": 0.19756724774837495, "loss_rpn_cls": 0.03825128083117306, "loss_rpn_bbox": 0.018159657390788196, "loss_cls": 0.07458769857883453, "acc": 97.55859375, "loss_bbox": 0.06656861184164882, "time": 0.14491038799285888, "epoch": 1, "iter": 150, "memory": 3272, "step": 150}
{"lr": 0.007987975951903804, "data_time": 0.002934703826904297, "loss": 0.21570182621479034, "loss_rpn_cls": 0.039589153854176405, "loss_rpn_bbox": 0.024757849569432437, "loss_cls": 0.07870183400809765, "acc": 97.4609375, "loss_bbox": 0.07265298943966628, "time": 0.14437726497650147, "epoch": 1, "iter": 200, "memory": 3272, "step": 200}
{"lr": 0.009989979959919832, "data_time": 0.002947282791137695, "loss": 0.17489886447787284, "loss_rpn_cls": 0.017769953026436268, "loss_rpn_bbox": 0.017505668997764588, "loss_cls": 0.06253504000604153, "acc": 98.6328125, "loss_bbox": 0.07708820208907127, "time": 0.14488718509674073, "epoch": 1, "iter": 250, "memory": 3272, "step": 250}
{"lr": 0.011991983967935849, "data_time": 0.0029647350311279297, "loss": 0.17191307231783867, "loss_rpn_cls": 0.013404150812420993, "loss_rpn_bbox": 0.016860959203913808, "loss_cls": 0.06468267373740673, "acc": 98.2421875, "loss_bbox": 0.0769652895629406, "time": 0.14354290962219238, "epoch": 1, "iter": 300, "memory": 3272, "step": 300}
{"lr": 0.01399398797595188, "data_time": 0.0029445838928222655, "loss": 0.17840231493115424, "loss_rpn_cls": 0.015268112920457497, "loss_rpn_bbox": 0.01909381183795631, "loss_cls": 0.06692524395883083, "acc": 98.4375, "loss_bbox": 0.07711514558643102, "time": 0.14382986545562745, "epoch": 1, "iter": 350, "memory": 3272, "step": 350}
{"lr": 0.015995991983967908, "data_time": 0.0029067182540893554, "loss": 0.17089922621846199, "loss_rpn_cls": 0.01758154898416251, "loss_rpn_bbox": 0.02212213046848774, "loss_cls": 0.059483596049249174, "acc": 98.2421875, "loss_bbox": 0.07171195097267628, "time": 0.1459249448776245, "epoch": 1, "iter": 400, "memory": 3272, "step": 400}
